W,W,W,W,W,W,W,W,W,W,W,W,W,W,W,W,W,W,W,W,W,W,W,W,W,W,W,W,W,W,W,W,W,W,W,W,W,W,W,W,W,W,W,W,W,W,W,W,W,W,W,W,W,W,W,W,W,W,W,W,W,W,W,W,W,W,W,W,W,W,W,W,W,W,W,W,W,W,W,W,W,W,W,W,W,W,W,W,W,W,W,W,W,W,W,W,W,W,W,W,W,W,W,W,W,W,W,W,W,W,W,W,W,W,W,W,W,W,W,W,W,W,W,W,W,W,W,W,W,W,W,W,W,W,W
W,W,W,W,W,W,W,W,W,W,W,W,W,W,W,W,W,W,W,W,W,W,W,W,W,W,W,W,W,W,W,W,W,W,W,W,W,W,W,W,W,W,W,W,W,W,W,W,W,W,W,W,W,W,W,W,W,W,W,W,W,W,W,W,W,W,W,W,W,W,W,W,W,W,W,W,W,W,W,W,W,W,W,W,W,W,W,W,W,W,W,W,W,W,W,W,W,W,W,W,W,W,W,W,W,W,W,W,W,W,W,W,W,W,W,W,W,W,W,W,W,W,W,W,W,W,W,W,W,W,W,W,W,W,W
W,W,W,W,W,W,W,W,W,W,W,W,W,W,W,W,W,W,W,W,W,W,W,W,W,W,W,W,W,W,W,W,W,W,W,W,W,W,W,W,W,W,W,W,W,W, , , , , , , , , , , , , , , , , , , , , , , , , , , , , , , , , , , , , , , ,W,W,W,W,W,W,W,W,W,W,W,W,W,W,W,W,W,W,W,W,W,W,W,W,W,W,W,W,W,W,W,W,W,W,W,W,W,W,W,W,W,W,W,W,W,W,W,W,W,W
W,W,W,W,W,W,W,W,W,W,W,W,W,W,W,W,W,W,W,W,W,W,W,W,W,W,W,W,W,W,W,W,W,W,W,W,W,W,W,W,W,W,W,W,W,W, , , , , , , , , , , , , , , , , , , , , , , , , , , , , , , , , , , , , , , ,W,W,W,W,W,W,W,W,W,W,W,W,W,W,W,W,W,W,W,W,W,W,W,W,W,W,W,W,W,W,W,W,W,W,W,W,W,W,W,W,W,W,W,W,W,W,W,W,W,W
W,W,W,W,W,W,W,W,W,W,W,W,W,W,W,W,W,W,W,W,W,W,W,W,W,W,W,W,W,W,W,W,W,W,W,W,W,W,W,W,W,W,W,W,W,W, , , , , , , , , , , , , , , , , , , , , , , , , , , , , , , , , , , , , , , ,W,W,W,W,W,W,W,W,W,W,W,W,W,W,W,W,W,W,W,W,W,W,W,W,W,W,W,W,W,W,W,W,W,W,W,W,W,W,W,W,W,W,W,W,W,W,W,W,W,W
W,W,W,W,W,W,W,W,W,W,W,W,W,W,W,W,W,W,W,W,W,W,W,W,W,W,W,W,W,W,W,W,W,W,W,W,W,W,W,W,W,W,W,W,W,W, , , , , , , , , , , , , , , , , , , ,P, , , , , , , , , , , , , , , , , , , ,W,W,W,W,W,W,W,W,W,W,W,W,W,W,W,W,W,W,W,W,W,W,W,W,W,W,W,W,W,W,W,W,W,W,W,W,W,W,W,W,W,W,W,W,W,W,W,W,W,W
W,W,W,W,W,W,W,W,W,W,W,W,W,W,W,W,W,W,W,W,W,W,W,W,W,W,W,W,W,W,W,W,W,W,W,W,W,W,W,W,W,W,W,W,W,W, , , , , , , , , , , , , , , , , , , , , , , , , , , , , , , , , , , , , , , ,W,W,W,W,W,W,W,W,W,W,W,W,W,W,W,W,W,W,W,W,W,W,W,W,W,W,W,W,W,W,W,W,W,W,W,W,W,W,W,W,W,W,W,W,W,W,W,W,W,W
W,W,W,W,W,W,W,W,W,W,W,W,W,W,W,W,W,W,W,W,W,W,W,W,W,W,W,W,W,W,W,W,W,W,W,W,W,W,W,W,W,W,W,W,W,W, , , , , , , , , , , , , , , , , , , , , , , , , , , , , , , , , , , , , , , ,W,W,W,W,W,W,W,W,W,W,W,W,W,W,W,W,W,W,W,W,W,W,W,W,W,W,W,W,W,W,W,W,W,W,W,W,W,W,W,W,W,W,W,W,W,W,W,W,W,W
W,W,W,W,W,W,W,W,W,W,W,W,W,W,W,W,W,W,W,W,W,W,W,W,W,W,W,W,W,W,W,W,W,W,W,W,W,W,W,W,W,W,W,W,W,W, , , , , , , , , , , , , , , , , , , , , , , , , , , , , , , , , , , , , , , ,W,W,W,W,W,W,W,W,W,W,W,W,W,W,W,W,W,W,W,W,W,W,W,W,W,W,W,W,W,W,W,W,W,W,W,W,W,W,W,W,W,W,W,W,W,W,W,W,W,W
W,W,W,W,W,W,W,W,W,W,W,W,W,W,W,W,W,W,W,W,W,W,W,W,W,W,W,W,W,W,W,W,W,W,W,W,W,W,W,W,W,W,W,W,W,W, , , , , , , , , , , , , , , , , , , , , , , , , , , , , , , , , , , , , , , ,W,W,W,W,W,W,W,W,W,W,W,W,W,W,W,W,W,W,W,W,W,W,W,W,W,W,W,W,W,W,W,W,W,W,W,W,W,W,W,W,W,W,W,W,W,W,W,W,W,W
W,W,W,W,W,W,W,W,W,W,W,W,W,W,W,W,W,W,W,W,W,W,W,W,W,W,W,W,W,W,W,W,W,W,W,W,W,W,W,W,W,W,W,W,W,W, , , , , , , , , , , , , , , , , , , , , , , , , , , , , , , , , , , , , , , ,W,W,W,W,W,W,W,W,W,W,W,W,W,W,W,W,W,W,W,W,W,W,W,W,W,W,W,W,W,W,W,W,W,W,W,W,W,W,W,W,W,W,W,W,W,W,W,W,W,W
W,W,W,W,W,W,W,W,W,W,W,W,W,W,W,W,W,W,W,W,W,W,W,W,W,W,W,W,W,W,W,W,W,W,W,W,W,W,W,W,W,W,W,W,W,W, , , , , , , , , , , , , , , , , , , , , , , , , , , , , , , , , , , , , , , ,W,W,W,W,W,W,W,W,W,W,W,W,W,W,W,W,W,W,W,W,W,W,W,W,W,W,W,W,W,W,W,W,W,W,W,W,W,W,W,W,W,W,W,W,W,W,W,W,W,W
W,W,W,W,W,W,W,W,W,W,W,W,W,W,W,W,W,W,W,W,W,W,W,W,W,W,W,W,W,W,W,W,W,W,W,W,W,W,W,W,W,W,W,W,W,W, , , , , , , , , , , , , , , , , , , , , , , , , , , , , , , , , , , , , , , ,W,W,W,W,W,W,W,W,W,W,W,W,W,W,W,W,W,W,W,W,W,W,W,W,W,W,W,W,W,W,W,W,W,W,W,W,W,W,W,W,W,W,W,W,W,W,W,W,W,W
W,W,W,W,W,W,W,W,W,W,W,W,W,W,W,W,W,W,W,W,W,W,W,W,W,W,W,W,W,W,W,W,W,W,W,W,W,W,W,W,W,W,W,W,W,W,W,W,W,W,W,W,W,W,W,W,W,W,W,W,W,W, , , , , , , ,W,W,W,W,W,W,W,W,W,W,W,W,W,W,W,W,W,W,W,W,W,W,W,W,W,W,W,W,W,W,W,W,W,W,W,W,W,W,W,W,W,W,W,W,W,W,W,W,W,W,W,W,W,W,W,W,W,W,W,W,W,W,W,W,W,W
W,W,W,W,W,W,W,W,W,W,W,W,W,W,W,W,W,W,W,W,W,W,W,W,W,W,W,W,W,W,W,W,W,W,W,W,W,W,W,W,W,W,W,W,W,W,W,W,W,W,W,W,W,W,W,W,W,W,W,W,W,W, , , , , , , ,W,W,W,W,W,W,W,W,W,W,W,W,W,W,W,W,W,W,W,W,W,W,W,W,W,W,W,W,W,W,W,W,W,W,W,W,W,W,W,W,W,W,W,W,W,W,W,W,W,W,W,W,W,W,W,W,W,W,W,W,W,W,W,W,W,W
W,W,W,W,W,W,W,W,W,W,W,W,W,W,W,W,W,W,W,W,W,W,W,W,W,W,W,W,W,W,W,W,W,W,W,W,W,W,W,W,W,W,W,W,W,W,W,W,W,W,W,W,W,W,W,W,W,W,W,W,W,W, , , , , , , ,W,W,W,W,W,W,W,W,W,W,W,W,W,W,W,W,W,W,W,W,W,W,W,W,W,W,W,W,W,W,W,W,W,W,W,W,W,W,W,W,W,W,W,W,W,W,W,W,W,W,W,W,W,W,W,W,W,W,W,W,W,W,W,W,W,W
W,W, , , , , , , , , , , , , , , , , , , , , , , , , , , , , , , , , , , , , , , , , , , , , , , , , , , , , , , , , , , , , , , , , , , , , , , , , , , , , , , , , , , , , , , , , , , , , , , , , , , , , , , , , , , , , , , , , , , , , , , , , , , , , , , , , , , ,W,W
W,W, , , , , , , , , , , , , , , , , , , , , , , , , , , , , , , , , , , , , , , , , , , , , , , , , , , , , , , , , , , , , , , , , , , , , , , , , , , , , , , , , , , , , , , , , , , , , , , , , , , , , , , , , , , , , , , , , , , , , , , , , , , , , , , , , , , ,W,W
W,W, , , , , , , , , , , , , , , , , , , , , , , , , , , , , , , , , , , , , , , , , , , , , , , , , , , , , , , , , , , , , , , , , , , , , , , , , , , , , , , , , , , , , , , , , , , , , , , , , , , , , , , , , , , , , , , , , , , , , , , , , , , , , , , , , , , ,W,W
W,W, , , , , , , , , , , , , , , , , , , , , , , , , , , , , , , , , , , , , , , , , , , , , , , , , , , , , , , , , , , , , , , , , , , , , , , , , , , , , , , , , , , , , , , , , , , , , , , , , , , , , , , , , , , , , , , , , , , , , , , , , , , , , , , , , , , ,W,W
W,W, , , , , , , , , , , , , , , , , , , , , , , , , , , , , , , , , , , , , , , , , , , , , , , , , , , , , , , , , , , , , , , , , , , , , , , , , , , , , , , , , , , , , , , , , , , , , , , , , , , , , , , , , , , , , , , , , , , , , , , , , , , , , , , , , , , ,W,W
W,W, , , , , , , , , , , , , , , , , , , , , , , , , , , , , , , , , , , , , , , , , , , , , , , , , , , , , , , , , , , , , , , , , , , , , , , , , , , , , , , , , , , , , , , , , , , , , , , , , , , , , , , , , , , , , , , , , , , , , , , , , , , , , , , , , , , ,W,W
W,W, , , , , , , , , , , , , , , , , , , , , , , , , , , , , , , , , , , , , , , , , , , , , , , , , , , , , , , , , , , , , , , , , , , , , , , , , , , , , , , , , , , , , , , , , , , , , , , , , , , , , , , , , , , , , , , , , , , , , , , , , , , , , , , , , , , ,W,W
W,W, , , , , , , , , , , , , , , , , , , , , , , , , , , , , , , , , , , , , , , , , , , , , , , , , , , , , , , , , , , , , , , , , , , , , , , , , , , , , , , , , , , , , , , , , , , , , , , , , , , , , , , , , , , , , , , , , , , , , , , , , , , , , , , , , , , ,W,W
W,W, , , , , , , , , , , , , , , , , , , , , , , , , , , , , , , , , , , , , , , , , , , , , , , , , , , , , , , , , , , , , , , , , , , , , , , , , , , , , , , , , , , , , , , , , , , , , , , , , , , , , , , , , , , , , , , , , , , , , , , , , , , , , , , , , , , ,W,W
W,W, , , , , , , , , , , , , , , , , , , , , , , , , , , , , , , , , , , , , , , , , , , , , , , , , , , , , , , , , , , , , , , , , , , , , , , , , , , , , , , , , , , , , , , , , , , , , , , , , , , , , , , , , , , , , , , , , , , , ,E,E, , , , , , , , , , , , , ,W,W
W,W, , , , , , , , , , , , , , , , , , , , , , , , , , , , , , , , , , , , , , , , , , , , , , , , , , , , , , , , , , , , , , , , , , , , , , , , , , , , , , , , , , , , , , , , , , , , , , , , , , , , , , , , , , , , , , , , , , , , ,E,E,E,E, , , , , , , , ,E,E,E,W,W
W,W, , , , , , , , , , , , , , , , , , , , , , , , , , , , , , , , , , , , , , , , , , , , , , , , , , , , , , , , , , , , , , , , , , , , , , , , , , , , , , , , , , , , , , , , , , , , , , , , , , , , , , , , , , , , , , , , , , , , , , ,E,E,E,E, , , , , ,E,E,E,E,W,W
W,W, , , , , , , , , , , , , , , , , , , , , , , , , , , , , , , , , , , , , , , , , , , , , , , , , , , , , , , , , , , , , , , , , , , , , , , , , , , , , , , , , , , , , , , , , , , , , , , , , , , , , , , , , , , , , , , , , , , , , , , ,E,E,E, , , , ,E,E,E,E,E,W,W
W,W, , , , , , , , , , , , , , , , , , , , , , , , , , , , , , , , , , , , , , , , , , , , , , , , , , , , , , , , , , , , , , , , , , , , , , , , , , , , , , , , , , , , , , , , , , , , , , , , , , , , , , , , , , , , , , , , , , , , , , , ,E,E,E, , , , ,E,E,E,E,E,W,W
W,W, , , , , , , , , , , , , , , , , , , , , , , , , , , , , , , , , , , , , , , , , , , , , , , , , , , , , , , , , , , , , , , , , , , , , , , , , , , , , , , , , , , , , , , , , , , , , , , , , , , , , , , , , , , , , ,E, , , , , , , , , , , , , , , , ,E,E,E,E,E,W,W
W,W, , , , , , , , , , , , , , , , , , , , , , , ,E,E,E,E,E, , , , , , , , , , , , , , , , , , , , , , , , , , , , , , , , , , , , , , , , , , , , , , , ,E,E,E,E,E, , , , , , , , , , , , , , , , , , , , , , , , , , , , ,E,E, , , , , , , , , , , , , , ,E,E,E,E,E,E,E,W,W
W,W, , , , , , , , , , , , , , , , , , , , , ,E,E,E,E,E,E,E,E,E, , , , , , , , , , , , , , , , , , , , , , , , , , , , , , , , , , , , , , , , , , , ,E,E,E,E,E,E,E, , , , , , , , , , , , , , , , , , , , , , , , , , , , ,E,E, , , , , , , , , , , , , , ,E,E,E,E,E,E,E,W,W
W,W, , , , , , , , , , , , , , , , , , , ,E,E,E,E,E,E,E,E,E,E,E,E,E, , , , , , , , , , , , , , , , , , , , , , , , , , , , , , , , , , , , , , , ,E,E,E,E,E,E,E,E,E, , , , , , , , , , , , , , , , , , , , , , , , , , , ,E,E,E, , , , , , , , , , , , , , , ,E,E,E,E,E,E,W,W
W,W, , , , , , , , , , , , , , , , , , ,E,E,E,E,E,E,E,E,E,E,E,E,E,E,E, , , , , , , , , , , , , , , , , , , , , , , , , , , , , , , , , , , , , ,E,E,E,E,E,E, , , , , , , , , , , , , , , , , , , , , , , , , , , , , , , ,E,E, , , , , , , , , , , , , , , , ,E,E,E,E,E,E,W,W
W,W, , , , , , , , , , , , , , , , , ,E,E,E,E,E,E,E,E,E,E,E,E,E,E,E,E,E, , , , , , , , , , , , , , , , , , , , , , , , , , , , , , , , , , , ,E,E,E,E,E, , , , , , , , , , , , , , , , , , , , , , , , , , , , , , , , ,E,E,E, , , , , , , , , , , , , , , , , ,E,E,E,E,E,W,W
W,W, , , , , , , , , , , , , , , , ,E,E,E,E,E,E,E,E,E,E,E,E,E,E,E,E,E,E,E, , , , , , , , , , , , , , , , , , , , , , , , , , , , , , , , , ,E,E,E,E,E,E, , , , , , , , , , , , , , , , , , , , , , , , , , , , , , , , ,E,E,E, , , , , , , , , , , , , , , , , ,E,E,E,E,E,W,W
W,W, , , , , , , , , , , , , , , , ,E,E,E,E,E,E,E,E,E,E,E,E,E,E,E,E,E,E,E, , , , , , , , , , , , , , , , , , , , , , , , , , , , , , , , , ,E,E,E,E,E,E, , , , , , , , , , , , , , , , , , , , , , , , , , , , , , , , , , , , , , , , , , , , , , , , , , , , ,E,E,E,E,E,W,W
W,W, , , , , , , , , , , , , , , ,E,E,E,E,E,E,E,E,E,E,E,E,E,E,E,E,E,E,E,E,E, , , , , , , , , , , , , , , , , , , , , , , , , , , , , , , ,E,E,E,E,E,E, , , , , , , , , , , , , , , , , , , , , , , , , , , , , , , , , , , , , , , , , , , , , , , , , , , , , ,E,E,E,E,E,W,W
W,W, , , , , , , , , , , , , , , ,E,E,E,E,E,E,E,E,E,E,E,E,E,E,E,E,E,E,E,E,E, , , , , , , , , , , , , , , , , , , , , , , , , , , , , , , ,E,E,E,E,E, , , , , , , , , , , , , , , , , , , , , , , , , , , , , , , , , , , , , , , , , , , , , , , , , , , , , , ,E,E,E,E,E,W,W
W,W, , , , , , , , , , , , , , ,E,E,E,E,E,E,E,E,E,E,E,E,E,E,E,E,E,E,E,E,E,E,E, , , , , , , , , , , , , , , , , , , , , , , , , , , , , ,E,E,E,E,E,E, , , , , , , , , , , , , , , , , , , , , , , , , , , , , , , , , , , , , , , , , , , , , , , , , , , , , ,E,E,E,E,E,E,W,W
W,W, , , , , , , , , , , , , , ,E,E,E,E,E,E,E,E,E,E,E,E,E,E,E,E,E,E,E,E,E,E,E, , , , , , , , , , , , , , , , , , , , , , , , , , , , , ,E,E,E,E,E, , , , , , , ,E,E, , , , , , , , , , , , , , , , , , , , , , , , , , , , , , , , , , , , , , , , , , , , , ,E,E,E,E,E,E,W,W
W,W, , , , , , , , , , , , , , ,E,E,E,E,E,E,E,E,E,E,E,E,E,E,E,E,E,E,E,E,E,E,E, , , , , , , , , , , , , , , , , , , , , , , , , , , , , ,E,E,E,E,E, , , , , , , ,E,E, , , , , , , , , , , , , , , , , , , , , , , , , , , , , , , , , , , , , , , , , , , , , ,E,E,E,E,E,E,W,W
W,W, , , , , , , , , , , , , , ,E,E,E,E,E,E,E,E,E,E,E,E,E,E,E,E,E,E,E,E,E,E,E, , , , , , , , , , , , , , , , , , , , , , , , , , , , , ,E,E,E,E,E, , , , , , , ,E,E, , , , , , , , , , , , , , , , , , , , , , , , , , , , , , , , , , , , , , , , , , , , , , , ,E,E,E,E,W,W
W,W, , , , , , , , , , , , , , ,E,E,E,E,E,E,E,E,E,E,E,E,E,E,E,E,E,E,E,E,E,E,E, , , , , , , , , , , , , , , , , , , , , , , , , , , , , ,E,E,E,E,E, , , , , , , , ,E,E,E, , , , , , , , , , , , , , , , , , , , , , , , , , , , , , , , , , , , , , , , , , , , , ,E,E,E,E,W,W
W,W, , , , , , , , , , , , , , , ,E,E,E,E,E,E,E,E,E,E,E,E,E,E,E,E,E,E,E,E,E, , , , , , , , , , , , , , , , , , , , , , , , , , , , , , , ,E,E,E,E,E,E,E, , , , , ,E,E,E, , , , , , , , , , , , , , , , , , , , , , , , , , , , , , , , , , , , , , , , , , , ,E,E,E,E,E,E,W,W
W,W, , , , , , , , , , , , , , , ,E,E,E,E,E,E,E,E,E,E,E,E,E,E,E,E,E,E,E,E,E, , , , , , , , , , , , , , , , , , , , , , , , , , , , , , , ,E,E,E,E,E,E,E, , , , , , ,E,E, , , , , , , , , , , , , , , , , , , , , , , , , , , , , , , , , , , , , , , , , , , ,E,E,E,E,E,E,W,W
W,W, , , , , , , , , , , , , , , , ,E,E,E,E,E,E,E,E,E,E,E,E,E,E,E,E,E,E,E, , , , , , , , , , , , , , , , , , , , , , , , , , , , , , , , , ,E,E,E,E,E,E, , , , , , ,E,E, , , , , , , , , , , , , , , , , , , , , , , , , , , , , , , , , , , , , , , , ,E,E,E,E,E,E,E,E,E,W,W
W,W, , , , , , , , , , , , , , , , ,E,E,E,E,E,E,E,E,E,E,E,E,E,E,E,E,E,E,E, , , , , , , , , , , , , , , , , , , , , , , , , , , , , , , , , ,E,E,E,E,E,E, , , , , , , , , , , , , , , , , , , , , , , , , , , , , , , , , , , , , , , , , , , , , , , ,E,E,E,E,E,E,E,E,E,E,W,W
W,W, , , , , , , , , , , , , , , , , ,E,E,E,E,E,E,E,E,E,E,E,E,E,E,E,E,E, , , , , , , , , , , , , , , , , , , , , , , , , , , , , , , , , , , ,E,E,E,E,E,E,E, , , , , , , , , , , , , , , , , , , , , , , , , , , , , , , , , , ,E,E,E,E,E, , , , , , ,E,E,E,E,E,E,E,E,E,E,W,W
W,W, , , , , , , , , , , , , , , , , , ,E,E,E,E,E,E,E,E,E,E,E,E,E,E,E, , , , , , , , , , , , , , , , , , , , , , , , , , , , , , , , , , , , , ,E,E,E,E,E,E, , , , , , , , , , , , , , , , , , , , , , , , , , , , , , , , , , , ,E,E,E,E, , , , , ,E,E,E,E,E,E,E,E,E,E,E,W,W
W,W, , , , , , , , , , , , , , , , , , , ,E,E,E,E,E,E,E,E,E,E,E,E,E, , , , , , , , , , , , , , , , , , , , , , , , , , , , , , , , , , , , , , , ,E,E,E,E,E,E,E, , , , , , , , , , , , , , , , , , , , , , , , , , , , , , , , , , ,E,E,E,E,E,E,E, ,E,E,E,E,E,E,E,E,E,E,E,W,W
W,W,E,E,E, , , , , , , , , , , , , , , , , , ,E,E,E,E,E,E,E,E,E, , , , , , , , , , , , , , , , , , , , , , , , , , , , , , , , , , , , , , , , , , , ,E,E,E,E,E,E,E, , , , , , , , , , , , , , , , , , , , , , , , , , , , , , , , , ,E,E,E,E,E,E, , , ,E,E,E,E,E,E,E,E,E,W,W
W,W,E,E,E,E, , , , , , , , , , , , , , , , , , , ,E,E,E,E,E, , , , , , , , , , , , , , , , , , , , , , , , , , , , , , , , , , , , , , , , , , , , , , , ,E,E,E,E,E, , , , , , , , , , , , , , , , , , , , , , , , , , , , , , , , , , , ,E,E,E,E, , , , , ,E,E,E,E,E,E,E,W,W
W,W,E,E,E,E,E, , , , , , , , , , , , , , , , , , , , , , , , , , , , , , , , , , , , , , , , , , , , , , , , , , , , , , , , , , , , , , , , , , , , , , , , , , , , , , , , , , , , , , , , , , , , , , , , , , , , , , , , , , , , , , , , ,E,E, , , , , , , ,E,E,E,E,E,W,W
W,W,E,E,E,E,E, , , , , , , , , , , , , , , , , , , , , , , , , , , , , , , , , , , , , , , , , , , , , , , , , , , , , , , , , , , , , , , , , , , , , , , , , , , , , , , , , , , , , , , , , , , , , ,E,E, , , , , , , , , , , , , , , , , , , , , , , , , , ,E,E,E,E,E,W,W
W,W,E,E,E,E,E, , , , , , , , , , , , , , , , , , , , , , , , , , , , , , , , , , , , , , , , , , , , , , , , , , , , , , , , , , , , , , , , , , , , , , , , , , , , , , , , , , , , , , , , , , , ,E,E,E,E, , , , , , , , , , , , , , , , , , , , , , , , , , ,E,E,E,E,E,W,W
W,W,E,E,E,E,E,E,E, , , , , , , , , , , , , , , , , , , , , , , , , , , , , , , , , , , , , , , , , , ,E,E,E,E,E, , , , , , , , , , , , , , , , , , , , , , , , , , , , , , , , , , , , , , , , , ,E,E,E,E,E, , , , , , , , , , , , , , , , , , , , , , , , , , , ,E,E,E,E,W,W
W,W,E,E,E,E,E,E,E,E,E, , , , , , , , , , , , , , , , , , , , , , , , , , , , , , , , , , , , , , ,E,E,E,E,E,E,E,E,E, , , , , , , , , , , , , , , , , , , , , , , , , , , , , , , , , , , , , , ,E,E,E,E, , , , , , , , , , , , , , , , , , , , , , , , , , , , , , ,E,E,E,W,W
W,W,E,E,E,E,E,E,E,E,E,E,E, , , , , , , , , , , , , , , , , , , , , , , , , , , , , , , , , , ,E,E,E,E,E,E,E,E,E,E,E,E,E, , , , , , , , , , , , , , , , , , , , , , , , , , , , , , , , , , , ,E,E,E,E,E, , , , , , , , , , , ,E, , , , , , , , , , , , , , , , , , , , , ,W,W
W,W,E,E,E,E,E,E,E,E,E,E,E,E, , , , , , , , , , , , , , , , , , , , , , , , , , , , , , , , ,E,E,E,E,E,E,E,E,E,E,E,E,E,E,E, , , , , , , , , , , , , , , , , , , , , , , , , , , , , , , , , , ,E,E,E,E,E, , , , , , , , , , , ,E,E, , , , , , , , , , , , , , , , , , , , ,W,W
W,W,E,E,E,E,E,E,E,E,E,E,E,E,E, , , , , , , , , , , , , , , , , , , , , , , , , , , , , , ,E,E,E,E,E,E,E,E,E,E,E,E,E,E,E,E,E, , , , , , , , , , , , , , , , , , , , , , , , , , , , , , , , ,E,E,E, , , , , , , , , , , , , , ,E,E,E, , , , , , , , , , , , , , , , , , , ,W,W
W,W,E,E,E,E,E,E,E,E,E,E,E,E,E,E, , , , , , , , , , , , , , , , , , , , , , , , , , , , ,E,E,E,E,E,E,E,E,E,E,E,E,E,E,E,E,E,E,E, , , , , , , , , , , , , , , , , , , , , , , , , , , , , , , , , , , , , , , , , , , , , , , , , ,E,E,E, , , , , , , , , , , , , , , , , , ,W,W
W,W,E,E,E,E,E,E,E,E,E,E,E,E,E,E, , , , , , , , , , , , , , , , , , , , , , , , , , , , ,E,E,E,E,E,E,E,E,E,E,E,E,E,E,E,E,E,E,E, , , , , , , , , , , , , , , , , , , , , , , , , , , , , , , , , , , , , , , , , , , , , , , , , ,E,E,E, , , , , , , , , , , , , , , , , , ,W,W
W,W,E,E,E,E,E,E,E,E,E,E,E,E,E,E,E, , , , , , , , , , , , , , , , , , , , , , , , , , ,E,E,E,E,E,E,E,E,E,E,E,E,E,E,E,E,E,E,E,E,E, , , , , , , , , , , , , , , , , , , , , , , , , , , , , , , , , , , , , , , , , , , , , , , , ,E,E,E,E, , , , , , , , , , , , , , , , , ,W,W
W,W,E,E,E,E,E,E,E,E,E,E,E,E,E,E,E, , , , , , , , , , , , , , , , , , , , , , , , , , ,E,E,E,E,E,E,E,E,E,E,E,E,E,E,E,E,E,E,E,E,E, , , , , , , , , , , , , , , , , , , , , , , , , , , , , , , ,E,E, , , , , , , , , , , , , , , , , , , , , , , , , , , , , , , , , , , , ,W,W
W,W,E,E,E,E,E,E,E,E,E,E,E,E,E,E,E,E, , , , , , , , , , , , , , , , , , , , , , , , ,E,E,E,E,E,E,E,E,E,E,E,E,E,E,E,E,E,E,E,E,E,E,E, , , , , , , , , , , , , , , , , , , , , , , , , , , , , ,E,E,E, , , , , , , , , , , , , , , , , , , , , , , , , , , , , , , , , , , , ,W,W
W,W,E,E,E,E,E,E,E,E,E,E,E,E,E,E,E,E, , , , , , , , , , , , , , , , , , , , , , , , ,E,E,E,E,E,E,E,E,E,E,E,E,E,E,E,E,E,E,E,E,E,E,E, , , , , , , , , , , , , , , , , , , , , , , , , , , , , ,E,E,E, , , , , , , , , , , , , , , , , , , , , , , , , , , , , , , , , , , , ,W,W
W,W,E,E,E,E,E,E,E,E,E,E,E,E,E,E,E,E, , , , , , , , , , , , , , , , , , , , , , , , ,E,E,E,E,E,E,E,E,E,E,E,E,E,E,E,E,E,E,E,E,E,E,E, , , , , , , , , , , , , , , , , , , , , , , , , , , , , ,E,E,E, , , , , , , , , , , , , , , , , , , , , , , , , , , , , , , , , , , , ,W,W
W,W,E,E,E,E,E,E,E,E,E,E,E,E,E,E,E,E, , , , , , , , , , , , , , , , , , , , , , , , ,E,E,E,E,E,E,E,E,E,E,E,E,E,E,E,E,E,E,E,E,E,E,E, , , , , , , , , , , , , , , , , , , , , , , , , , , , , ,E,E,E, , , , , , , , , , , , , , , , , , , , , , , , , , , , , , , , , , , , ,W,W
W,W,E,E,E,E,E,E,E,E,E,E,E,E,E,E,E,E, , , , , , , , , , , , , , , , , , , , , , , , ,E,E,E,E,E,E,E,E,E,E,E,E,E,E,E,E,E,E,E,E,E,E,E, , , , , , , , , , , , , , , , , , , , , , , , , , , , , ,E,E,E,E,E,E, , , , , , , , , , , , , , , , , , , , , , , , , , , , , , , , , ,W,W
W,W,E,E,E,E,E,E,E,E,E,E,E,E,E,E,E, , , , , , , , , , , , , , , , , , , , , , , , , , ,E,E,E,E,E,E,E,E,E,E,E,E,E,E,E,E,E,E,E,E,E, , , , , , , , , , , , , , , , , , , , , , , , , , , , , , , ,E,E,E, , , , , , , , , , , , , , , , , , , , , , , , , , , , , , , , , , , ,W,W
W,W,E,E,E,E,E,E,E,E,E,E,E,E,E,E,E, , , , , , , , , , , , , , , , , , , , , , , , , , ,E,E,E,E,E,E,E,E,E,E,E,E,E,E,E,E,E,E,E,E,E, , , , , , , , , , , , , , , , , , , , , , , , , , , , , , , ,E,E,E, , , , , , , , , , , , ,E,E,E,E,E,E, , , , , , , , , , , , , , , , , ,W,W
W,W,E,E,E,E,E,E,E,E,E,E,E,E,E,E, , , , , , , , , , , , , , , , , , , , , , , , , , , , ,E,E,E,E,E,E,E,E,E,E,E,E,E,E,E,E,E,E,E, , , , , , , , , , , , , , , , , , , , , , , , , , , , , , , , , , , , , , ,E, , , , , , ,E,E,E,E,E,E,E, , , , , , , , , , , , , , , , , , ,W,W
W,W,E,E,E,E,E,E,E,E,E,E,E,E,E,E, , , , , , , , , , , , , , , , , , , , , , , , , , , , ,E,E,E,E,E,E,E,E,E,E,E,E,E,E,E,E,E,E,E, , , , , , , , , , , , , , , , , , , , , , , , , , , , , , , , , , , , , , ,E,E, , , , , , ,E,E,E,E,E,E, , , , , , , , , , , , , , , , , , ,W,W
W,W,E,E,E,E,E,E,E,E,E,E,E,E,E, , , , , , , , , , , , , , , , , , , , , , , , , , , , , , ,E,E,E,E,E,E,E,E,E,E,E,E,E,E,E,E,E, , , , , , , , , , , , , , , , , , , , , , , , , , , , , , , , , , , , , , , ,E,E,E,E,E,E, , ,E,E,E,E,E, , , , , , , , , , , , , , , , , , , ,W,W
W,W,E,E,E,E,E,E,E,E,E,E,E,E, , , , , , , , , , , , , , , , , , , , , , , , , , , , , , , , ,E,E,E,E,E,E,E,E,E,E,E,E,E,E,E, , , , , , , , , , , , , , , , , , , , , , , , , , , , , , , , , , , , , ,E,E,E,E,E,E,E,E,E, , , , ,E,E, , , , , , , , , , , , , , , , , , , , ,W,W
W,W,E,E,E,E,E,E,E,E,E,E,E, , , , , , , , , , , , , , , , , , , , , , , , , , , , , , , , , , ,E,E,E,E,E,E,E,E,E,E,E,E,E, , , , , , , , , , , , , , , , , , , , , , , , , , , , , , , , , , , , , , , ,E,E,E,E,E,E,E,E, , , , ,E, , , , , , , , , , , , , , , , , , , , , ,W,W
W,W,E,E,E,E,E,E,E,E,E, , , , , , , , , , , , , , , , , , , , , , , , , , , , , , , , , , , , , , ,E,E,E,E,E,E,E,E,E, , , , , , , , , , , , , , , , , , , , , , , , , , , , , , , , , , , , , , , , , , , ,E,E,E,E,E,E,E, , , , , , , , , , , , , , , , , , , , , , ,E,E,E,W,W
W,W,E,E,E,E,E,E,E, , , , , , , , , , , , , , , , , , , , , , , , , , , , , , , , , , , , , , , , , , ,E,E,E,E,E, , , , , , , , , , , , , , , , , , , , , , , , , , , , , , , , , , , , , , , , , , , , , , , ,E,E,E,E,E, , , , , , , , , , , , , , , , , , , , , ,E,E,E,E,W,W
W,W,E,E,E,E,E, , , , , , , , , , , , , , , , , , , , , , , , , , , , , , , , , , , , , , , , , , , , , , , , , , , , , , , , , , , , , , , , , , , , , , , , , , , , , , , , , , , , , , , , , , , , , , , , , , , , , , , , , , , , , , , , , , , , , , , , , ,E,E,E,E,E,W,W
W,W,E,E,E,E,E, , , , , , , , , , , , , , , , , , , , , , , , , , , , , , , , , , , , , , , , , , , , , , , , , , , , , , , , , , , , , , , , , , , , , , , , , , , , , , , , , , , , , , , , , , , , , , , , , , , , , , , , , , , , , , , , , , , , , , , , , ,E,E,E,E,E,W,W
W,W,E,E,E,E,E, , , , , , , , , , , , , , , , , , , , , , , , , , , , , , , , , , , , , , , , , , , , , , , , , , , , , , , , , , , , , , , , , , , , , , , , , , , , , , , , , , , , , , , , , , , , , , , , , , , , , , , , , , , , , , , , , , , , , , , , , ,E,E,E,E,E,W,W
W,W,E,E,E,E, , , , , , , , , , , , , , , , , , , ,E,E,E,E,E, , , , , , , , , , , , , , , , , , , , , , , , , , , , , , , , , , , , , , , , , , , , , , , , , , , , , , , , , , , , , , , , , , , , , , , , , , , , , , , , , , , , , , , , , , , , , , , , ,E,E,E,E,E,E,E,W,W
W,W,E,E,E, , , , , , , , , , , , , , , , , , ,E,E,E,E,E,E,E,E,E, , , , , , , , , , , , , , , , , , , , , , , , , , , , , , , , , , , , , , , , , , , ,E,E, , , , , , , , , , , , , , , , , , , , , , , , , , , , , , , , , , , , , , , , , , , , , , , ,E,E,E,E,E,E,E,E,E,W,W
W,W, , , , , , , , , , , , , , , , , , , ,E,E,E,E,E,E,E,E,E,E,E,E,E, , , , , , , , , , , , , , , , , , , , , , , , , , , , , , , , , , , , , , , ,E,E,E,E, , , , , , , , , , , , , , , , , , , , , , , , , , , , , , , , , , , , , , , , , , , , , , ,E,E,E,E,E,E,E,E,E,E,W,W
W,W, , , , , , , , , , , , , , , , , , ,E,E,E,E,E,E,E,E,E,E,E,E,E,E,E, , , , , , , , , , , , , , , , , , , , , , , , , , , , , , , , , , , , , ,E,E,E,E,E, , , , , , , , , , , , , , , , , , , , , , , , , , , , , , , , , , , , , , , , , , , , , , ,E,E,E,E,E,E,E,E,E,E,W,W
W,W, , , , , , , , , , , , , , , , , ,E,E,E,E,E,E,E,E,E,E,E,E,E,E,E,E,E, , , , , , , , , , , , , , , , , , , , , , , , , , , , , , , , , , , ,E,E,E,E,E,E, , , , , , , , , , , , , , , , , , , , , , , , , , , , , , , , , , , , , , , , , , , , , , , ,E,E,E,E,E,E,E,E,E,W,W
W,W, , , , , , , , , , , , , , , , ,E,E,E,E,E,E,E,E,E,E,E,E,E,E,E,E,E,E,E, , , , , , , , , , , , , , , , , , , , , , , , , , , , , , , , , ,E,E,E, , , , , , , , , , , , , , , , , , , , , , , , , , , , , , , , , , , , , , , , , , , , , , , , , , , ,E,E,E,E,E,E,E,E,E,W,W
W,W, , , , , , , , , , , , , , , , ,E,E,E,E,E,E,E,E,E,E,E,E,E,E,E,E,E,E,E, , , , , , , , , , , , , , , , , , , , , , , , , , , , , , , , , ,E,E,E, , , , , , , , , , , , , , , , , , , , , , , , , , , , , , , , , , , , , , , , , , , , , , , , , , , , ,E,E,E,E,E,E,E,E,W,W
W,W, , , , , , , , , , , , , , , ,E,E,E,E,E,E,E,E,E,E,E,E,E,E,E,E,E,E,E,E,E, , , , , , , , , , , , , , , , , , , , , , , , , , , , , , , ,E,E,E, , , , , , , , , , , , , , , , , , , , , , , , , , , , , , , , , , , , , , , , , , , , , , , , , , , , , ,E,E,E,E,E,E,E,E,W,W
W,W, , , , , , , , , , , , , , , ,E,E,E,E,E,E,E,E,E,E,E,E,E,E,E,E,E,E,E,E,E, , , , , , , , , , , , , , , , , , , , , , , , , , , , , , , ,E,E,E, , , , , , , , , , , , , , , , , , , , , , , , , , , , , , , , , , , , , , , , , , , , , , , , , , , ,E,E,E,E,E,E,E,E,E,E,W,W
W,W, , , , , , , , , , , , , , ,E,E,E,E,E,E,E,E,E,E,E,E,E,E,E,E,E,E,E,E,E,E,E, , , , , , , , , , , , , , , , , , , , , , , , , , , , , ,E,E,E,E, , , , , , , , , , , , , , , , , , , , , , , , , , , , , , , , , , , , , , , , , , , , , , , , , ,E,E,E,E,E,E,E,E,E,E,E,E,W,W
W,W, , , , , , , , , , , , , , ,E,E,E,E,E,E,E,E,E,E,E,E,E,E,E,E,E,E,E,E,E,E,E, , , , , , , , , , , , , , , , , , , , , , , , , , , , , ,E,E, , , , , , , , , , , , , , , , , , , , , , , , , , , , , , , , , , , , , , , , , , , , , , , ,E,E, , ,E,E,E,E,E,E,E,E,E,E,E,E,W,W
W,W, , , , , , , , , , , , , , ,E,E,E,E,E,E,E,E,E,E,E,E,E,E,E,E,E,E,E,E,E,E,E, , , , , , , , , , , , , , , , , , , , , , , , , , , , , ,E, , , , , , , , , , , , , , , , , , , , , , , , , , , , , , , , , , , , , , , , , , , , , , , , ,E,E, , ,E,E,E,E,E,E,E,E,E,E,E,E,W,W
W,W, , , , , , , , , , , , , , ,E,E,E,E,E,E,E,E,E,E,E,E,E,E,E,E,E,E,E,E,E,E,E, , , , , , , , , , , , , , , , , , , , , , , , , , , , , ,E, , , , , , , , , , , , , , , , , , , , , , , , , , , , , , , , , , , , , , , , , , , , , , , , ,E,E,E,E,E,E,E,E,E,E,E,E,E,E,E,E,W,W
W,W, , , , , , , , , , , , , , ,E,E,E,E,E,E,E,E,E,E,E,E,E,E,E,E,E,E,E,E,E,E,E, , , , , , , , , , , , , , , , , , , , , , , , , , , , , ,E, , , , , , , , , , , , , , , , , , , , , , , , , , , , , , , , , , , , , , , , , , , , , , , , ,E,E,E,E,E,E,E,E,E,E,E,E,E,E,E,E,W,W
W,W, , , , , , , , , , , , , , , ,E,E,E,E,E,E,E,E,E,E,E,E,E,E,E,E,E,E,E,E,E, , , , , , , , , , , , , , , , , , , , , , , , , , , , , , , ,E,E,E,E, , , , , , , , , , , , , ,E,E,E,E, , , , , , , , , , , , , , , , , , , , , , , , , , , , ,E,E,E,E,E,E,E,E,E,E,E,E,E,E,E,W,W
W,W, , , , , , , , , , , , , , , ,E,E,E,E,E,E,E,E,E,E,E,E,E,E,E,E,E,E,E,E,E, , , , , , , , , , , , , , , , , , , , , , , , , , , , , , , ,E,E,E,E, , , , , , , , , , , , , ,E,E,E,E, , , , , , , , , , , , , , , , , , , , , , , , , , , , ,E,E,E,E,E,E,E,E,E,E,E,E,E,E,E,W,W
W,W, , , , , , , , , , , , , , , , ,E,E,E,E,E,E,E,E,E,E,E,E,E,E,E,E,E,E,E, , , , , , , , , , , , , , , , , , , , , , , , , , , , , , , , , ,E,E,E, , , , , , , , , , , ,E,E,E,E,E, , , , , , , , , , , , , , , , , , , , , , , , , , , , , , ,E,E,E,E,E,E,E,E,E,E,E,E,E,E,W,W
W,W, , , , , , , , , , , , , , , , ,E,E,E,E,E,E,E,E,E,E,E,E,E,E,E,E,E,E,E, , , , , , , , , , , , , , , , , , , , , , , , , , , , , , , , , ,E,E,E, , , , , , , , , , , ,E,E,E,E,E, , , , , , , , , , , , , , , , , , , , , , , , , , , , , , ,E,E,E,E,E,E,E,E,E,E,E,E,E,E,W,W
W,W, , , , , , , , , , , , , , , , , ,E,E,E,E,E,E,E,E,E,E,E,E,E,E,E,E,E, , , , , , , , , , , , , , , , , , , , , , , , , , , , , , , , , , , ,E,E,E,E,E,E, , , , , ,E,E,E,E,E,E, , , , , , , , , , , , , , , , , , , , , , , , , , , , , , , , ,E,E,E,E,E,E,E,E,E,E,E,E,E,W,W
W,W, , , , , , , , , , , , , , , , , , ,E,E,E,E,E,E,E,E,E,E,E,E,E,E,E, , , , , , , , , , , , , , , , , , , , , , , , , , , , , , , , , , , , , ,E,E,E,E,E, , , , , ,E,E,E,E,E, , , , , , , , , , , , , , , , , , , , , , , , , , , , , , , , , , ,E,E,E,E,E,E,E,E,E,E,E,E,W,W
W,W, , , , , , , , , , , , , , , , , , , ,E,E,E,E,E,E,E,E,E,E,E,E,E, , , , , , , , , , , , , , , , , , , , , , , , , , , , , , , , , , , , , , , ,E,E,E,E, , , , , ,E,E,E,E, , , , , , , , , , , , , , , , , , , , , , , , , , , , , , , , , , , , ,E,E,E,E,E,E,E,E,E,E,E,W,W
W,W, , , , , , , , , , , , , , , , , , , , , ,E,E,E,E,E,E,E,E,E, , , , , , , , , , , , , , , , , , , , , , , , , , , , , , , , , , , , , , , , , , , ,E,E, , , , , ,E,E, , , , , , , , , , , , , , , , , , , , , , , , , , , , , , , , , , , , , , , , ,E,E,E,E,E,E,E,E,E,W,W
W,W, , , , , , , , , , , , , , , , , , , , , , , ,E,E,E,E,E, , , , , , , , , , , , , , , , , , , , , , , , , , , , , , , , , , , , , , , , , , , , , , , , , , , , , , , , , , , , , , , , , , , , , , , , , , , , , , , , , , , , , , , , , , , , , , , , ,E,E,E,E,E,E,E,W,W
W,W, , , , , , , , , , , , , , , , , , , , , , , , , , , , , , , , , , , , , , , , , , , , , , , , , , , , , , , , , , , , , , , , , , , , , , , , , , , , , , , , , , , , , , , , , , , , , , , , , , , , , , , , , , , , , , , , , , , , , , , , , , , , , , ,E,E,E,E,E,W,W
W,W, , , , , , , , , , , , , , , , , , , , , , , , , , , , , , , , , , , , , , , , , , , , , , , , , , , , , , , , , , , , , , , , , , , , , , , , , , , , , , , , , , , , , , , , , , , , , , , , , , , , , , , , , , , , , , , , , , , , , , , , , , , , , , ,E,E,E,E,E,W,W
W,W, , , , , , , , , , , , , , , , , , , , , , , , , , , , , , , , , , , , , , , , , , , , , , , , , , , , , , , , , , , , , , , , , , , , , , , , , , , , , , , , , , , , , , , , , , , , , , , , , , , , , , , , , , , , , , , , , , , , , , , , , , , , , , ,E,E,E,E,E,W,W
W,W, , , , , , , , , , , , , , , , , , , , , , , , , , , , , , , , , , , , , , , , , , , , , , , , , , , , , , , , , , , , , , , , , , , , , , , , , , , , , , , , , , , , , , , , , , , , , , , , , , , , , , , , , , , , , , , , , , , , , , , , , , , , , , , ,E,E,E,E,W,W
W,W, , , , , , , , , , , , , , , , , , , , , , , , , , , , , , , , , , , , , , , , , , , , , , , , , , , , , , , , , , , , , , , , , , , , , , , , , , , , , , , , , , , , , , , , , , , , , , , , , , , , , , , , , , , , , , , , , , , , , , , , , , , , , , , , ,E,E,E,W,W
W,W, , , , , , , , , , , , , , , , , , , , , , , , , , , , , , , , , , , , , , , , , , , , , , , , , , , , , , , , , , , , , , , , , , , , , , , , , , , , , , , , , , , , , , , , , , , , , , , , , , , , , , , , , , , , , , , , , , , , , , , , , , , , , , , , , , , ,W,W
W,W,W,W,W,W,W,W,W,W,W,W,W,W,W,W,W,W,W,W,W,W,W,W,W,W,W,W,W,W,W,W,W,W,W,W,W,W,W,W,W,W,W,W,W,W,W,W, , , , , , , , ,W,W,W,W,W,W,W,W,W,W,W,W,W,W,W,W,W,W,W,W,W,W,W,W,W,W,W,W,W,W,W,W,W,W,W,W,W,W,W,W,W,W,W,W,W,W,W,W,W,W,W,W,W,W,W,W,W,W,W,W,W,W,W,W,W,W,W,W,W,W,W,W,W,W,W,W,W,W,W
W,W,W,W,W,W,W,W,W,W,W,W,W,W,W,W,W,W,W,W,W,W,W,W,W,W,W,W,W,W,W,W,W,W,W,W,W,W,W,W,W,W,W,W,W,W,W,W, , , , , , , , ,W,W,W,W,W,W,W,W,W,W,W,W,W,W,W,W,W,W,W,W,W,W,W,W,W,W,W,W,W,W,W,W,W,W,W,W,W,W,W,W,W,W,W,W,W,W,W,W,W,W,W,W,W,W,W,W,W,W,W,W,W,W,W,W,W,W,W,W,W,W,W,W,W,W,W,W,W,W,W
W,W,W,W,W,W,W,W,W,W,W,W,W,W,W,W,W,W,W,W,W,W,W,W,W,W,W,W,W,W,W,W,W,W,W,W,W,W,W,W,W,W,W,W,W,W,W,W, , , , , , , , ,W,W,W,W,W,W,W,W,W,W,W,W,W,W,W,W,W,W,W,W,W,W,W,W,W,W,W,W,W,W,W,W,W,W,W,W,W,W,W,W,W,W,W,W,W,W,W,W,W,W,W,W,W,W,W,W,W,W,W,W,W,W,W,W,W,W,W,W,W,W,W,W,W,W,W,W,W,W,W
W,W, , , , , , , , , , , , , , , , , , , , , , , , , , , , , , , , , , , , , , , , , , , , , , , , , , , , , , , , , , , , , , , , , , , , , , , , , , , , , , , , , , , , , , , , , , , , , , , , , , , , , , , , , , , , , , , , , , , , , , , , , , , , , , , , , , , ,W,W
W,W, , , , , , , , , , , , , , , , , , , , , , , , , , , , , , , , , , , , , , , , , , , , , , , , , , , , , , , , , , , , , , , , , , , , , , , , , , , , , , , , , , , , , , , , , , , , , , , , , , , , , , , , , , , , , , , , , , , , , , , , , , , , , , , , , , , ,W,W
W,W, , , , , , , , , , , , , , , , , , , , , , , , , , , , , , , , , , , , , , , , , , , , , , , , , , , , , , , , , , , , , , , , , , , , , , , , , , , , , , , , , , , , , , , , , , , , , , , , , , , , , , , , , , , , , , , , , , , , , , , , , , , , , , , , , , , ,W,W
W,W, , , , , , , , , , , , , , , , , , , , , , , , , , , , , , , , , , , , , , , , , , , , , , , , , , , , , , , , , , , , , , , , , , , , , , , , , , , , , , , , , , , , , , , , , , , , , , , , , , , , , , , , , , , , , , , , , , , , , , , , , , , , , , , , , , , ,W,W
W,W, , , , , , , , , , , , , , , , , , , , , , , , , , , , , , , , , , , , , , , , , , , , , , , , , , , , , , , , , , , , , , , , , , , , , , , , , , , , , , , , , , , , , , , , , , , , , , , , , , , , , , , , , , , , , , , , , , , , , , , , , , , , , , , , , , , ,W,W
W,W, , , , , , , , , , , , , , , , , , , , , , , , , , , , , , , , , , , , , , , , , , , , , , , , , , , , , , , , , , , , , , , , , , , , , , , , , , , , , , , , , , , , , , , , , , , , , , , , , , , , , , , , , , , , , , , , , , , , , , , , , , , , , , , , , , , ,W,W
W,W, , , , , , , , , , , , , , , , , , , , , , , , , , , , , , , , , , , , , , , , , , , , , , , , , , , , , , , , , , , , , , , , , , , , , , , , , , , , , , , , , , , , , , , , , , , , , , , , , , , , , , , , , , , , , , , , , , , , , ,S,@,@,@,@,@,S, , , , , , , ,W,W
W,W, , , , , , , , , , , , , , , , , , , , , , , , , , , , , , , , , , , , , , , , , , , , , , , , , , , , , , , , , , , , , , , , , , , , , , , , , , , , , , , , , , , , , , , , , , , , , , , , , , , , , , , , , , , , , , , , , , , , , ,S,@,@,@,@,@,S, , , , , , , ,W,W
W,W, , , , , , , , , , , , , , , , , , , , , , , , , , , , , , , , , , , , , , , , , , , , , , , , , , , , , , , , , , , , , , , , , , , , , , , , , , , , , , , , , , , , , , , , , , , , , , , , , , , , , , , , , , , , , , , , , , , , , ,S,@,@,@,@,@,S, , , , , , , ,W,W
W,W, , , , , , , , , , , , , , , , , , , , , , , , , , , , , , , , , , , , , , , , , , , , , , , , , , , , , , , , , , , , , , , , , , , , , , , , , , , , , , , , , , , , , , , , , , , , , , , , , , , , , , , , , , , , , , , , , , , , , ,S,@,@,@,@,@,S, , , , , , , ,W,W
W,W, , , , , , , , , , , , , , , , , , , , , , , , , , , , , , , , , , , , , , , , , , , , , , , , , , , , , , , , , , , , , , , , , , , , , , , , , , , , , , , , , , , , , , , , , , , , , , , , , , , , , , , , , , , , , , , , , , , , , ,S,@,@,@,@,@,S, , , , , , , ,W,W
W,W, , , , , , , , , , , , , , , , , , , , , , , , , , , , , , , , , , , , , , , , , , , , , , , , , , , , , , , , , , , , , , , , , , , , , , , , , , , , , , , , , , , , , , , , , , , , , , , , , , , , , , , , , , , , , , , , , , , , , , , , , , , , , , , , , , , ,W,W
W,W, , , , , , , , , , , , , , , , , , , , , , , , , , , , , , , , , , , , , , , , , , , , , , , , , , , , , , , , , , , , , , , , , , , , , , , , , , , , , , , , , , , , , , , , , , , , , , , , , , , , , , , , , , , , , , , , , , , , , , , , , , , , , , , , , , , ,W,W
W,W, , , , , , , , , , , , , , , , , , , , , , , , , , , , , , , , , , , , , , , , , , , , , , , , , , , , , , , , , , , , , , , , , , , , , , , , , , , , , , , , , , , , , , , , , , , , , , , , , , , , , , , , , , , , , , , , , , , , , , , , , , , , , , , , , , , ,W,W
W,W, , , , , , , , , , , , , , , , , , , , , , , , , , , , , , , , , , , , , , , , , , , , , , , , , , , , , , , , , , , , , , , , , , , , , , , , , , , , , , , , , , , , , , , , , , , , , , , , , , , , , , , , , , , , , , , , , , , , , , , , , , , , , , , , , , , ,W,W
W,W, , , , , , , , , , , , , , , , , , , , , , , , , , , , , , , , , , , , , , , , , , , , , , , , , , , , , , , , , , , , , , , , , , , , , , , , , , , , , , , , , , , , , , , , , , , , , , , , , , , , , , , , , , , , , , , , , , , , , , , , , , , , , , , , , , , ,W,W
W,W, , , , , , , , , , , , , , , , , , , , , , , , , , , , , , , , , , , , , , , , , , , , , , , , , , , , , , , , , , , , , , , , , , , , , , , , , , , , , , , , , , , , , , , , , , , , , , , , , , , , , , , , , , , , , , , , , , , , , , , , , , , , , , , , , , , ,W,W
W,W, , , , , , , , , , , , , , , , , , , , , , , , , , , , , , , , , , , , , , , , , , , , , , , , , , , , , , , , , , , , , , , , , , , , , , , , , , , , , , , , , , , , , , , , , , , , , , , , , , , , , , , , , , , , , , , , , , , , , , , , , , , , , , , , , , , ,W,W
W,W,W,W,W,W,W,W,W,W,W,W,W,W,W,W,W,W,W,W,W,W,W,W,W,W,W,W,W,W,W,W,W,W,W,W,W,W,W,W,W,W,W,W,W,W,W,W,W,W,W,W,W,W,W,W,W,W,W,W,W,W,W,W,W,W,W,W,W,W,W,W,W,W,W,W,W,W,W,W,W,W,W,W,W,W,W,W,W,W,W,W,W,W,W,W,W,W,W,W,W,W,W,W,W,W,W,W,W,W,W,W,W,W,W,W,W,W,W,W,W,W,W,W,W,W,W,W,W,W,W,W,W,W,W
W,W,W,W,W,W,W,W,W,W,W,W,W,W,W,W,W,W,W,W,W,W,W,W,W,W,W,W,W,W,W,W,W,W,W,W,W,W,W,W,W,W,W,W,W,W,W,W,W,W,W,W,W,W,W,W,W,W,W,W,W,W,W,W,W,W,W,W,W,W,W,W,W,W,W,W,W,W,W,W,W,W,W,W,W,W,W,W,W,W,W,W,W,W,W,W,W,W,W,W,W,W,W,W,W,W,W,W,W,W,W,W,W,W,W,W,W,W,W,W,W,W,W,W,W,W,W,W,W,W,W,W,W,W,W
